pos,A,C,G,T,
21,0.000000,0.028955,0.005587,0.063678
22,0.067031,0.000000,0.051357,0.073312
23,0.330266,0.313089,0.000000,0.308557
24,0.064905,0.000000,0.119069,0.113526
25,0.000000,0.430170,0.433413,0.441154
26,0.000000,0.394961,0.447283,0.429683
27,0.000000,0.102645,0.262487,0.034432
28,0.438172,0.000000,0.421782,0.449023
29,0.737864,0.304193,0.000000,0.455000
30,0.013151,0.083654,0.034808,0.000000
31,0.132930,0.160829,0.099037,0.000000
32,0.069298,0.084819,0.051214,0.000000
33,-0.051381,-0.033676,-0.165211,0.000000
34,0.337518,0.000000,0.452390,0.210508
35,0.050503,-0.042067,0.000000,-0.026623
36,0.049127,0.000281,0.089436,0.000000
