pos,A,C,G,T,
13,0.000000,0.017396,-0.291767,0.364929
14,0.000000,0.532557,0.186400,-1.218636
15,0.000000,0.359372,0.377205,-0.727490
16,0.494842,0.267557,0.000000,-0.130044
17,0.000000,0.345230,-0.179296,0.467644
18,0.318611,0.000000,0.368076,0.230368
19,0.000000,0.373993,0.047983,0.092459
20,-0.248047,0.000000,0.023183,0.111975
21,0.000000,0.111880,-0.072093,0.075925
22,-0.058972,0.000000,-0.035920,0.041198
23,-0.020762,0.045592,0.000000,0.017408
24,0.135393,0.000000,-0.008403,-0.029808
25,0.000000,-0.067446,0.024488,-0.046241
26,0.000000,-0.101375,0.046017,-0.083962
27,0.000000,-0.051668,0.016616,-0.025474
28,0.053835,0.000000,-0.040998,-0.016823
29,-0.106542,0.139367,0.000000,-0.061021
30,-0.133421,0.268460,0.132506,0.000000
31,0.061872,0.059988,0.286335,0.000000
32,-0.145999,0.183111,0.294070,0.000000
33,0.190173,0.099751,0.122350,0.000000
34,-0.169878,0.000000,-0.325945,0.459384
35,0.020325,0.188762,0.000000,0.245112
36,0.119574,0.339408,-0.396898,0.000000
37,0.027877,0.238257,-0.446210,0.000000
38,0.557806,0.314973,0.941855,0.000000
39,0.000000,0.404049,1.193250,1.044500
40,0.050877,0.163300,0.561361,0.000000
41,0.000000,0.415935,0.328572,0.379378
42,-0.723852,0.000000,0.543953,0.724744
43,0.699305,0.749155,0.913051,0.000000
44,-0.433154,0.382720,0.000000,0.038848
